<resources>
    <string name="app_name">20221665_이찬송</string>
    <string name="req">사물함 신청하세요!!</string>
    <string name="major1">컴퓨터 SW</string>
    <string name="major2">컴퓨터정보공학</string>
    <string name="major3">인공지능 SW</string>
    <string name="boxreq">사물함신청</string>
    <string name="help">문의사항:02-2610-2306</string>
    <string name="semester">1학기 사용</string>
    <string name="year">1년 사용</string>
</resources>