<resources>
    <string name="app_name">이찬송 20221665</string>
    <string name="title">DMU 레스토랑 예약</string>
    <string name="sel_date">날짜선택</string>
    <string name="sel_room">룸 선택</string>
    <string name="cname">고객이름</string>
    <string name="phone">전화번호</string>
    <string name="persons">인원</string>
    <string name="hint_cname">ex)아무개</string>
    <string name="hint_phone">ex)010-1111-2222</string>
    <string name="hint_num">ex)2</string>
    <string name="room1">일반홀</string>
    <string name="room4">4인실</string>
    <string name="room8">8인실</string>
    <string name="roomL">10인실 이상</string>
</resources>