<resources>
    <string name="app_name">A11_QA</string>
    <string name="dbs">DBS</string>
    <string name="title">선거 출구 조사</string>
    <string name="ptotal">합계:</string>
    <string name="total">총 :</string>
    <string name="person">명</string>
    <string name="gender">성별</string>
    <string name="age">나이</string>
    <string name="a10">10대</string>
    <string name="a20">20대</string>
    <string name="a30">30대</string>
    <string name="a40">40대</string>
    <string name="a50">50대</string>
    <string name="a60">60대</string>
    <string name="err">오류</string>
    <string name="male">남자</string>
    <string name="female">여자</string>
    <string name="cancel_msg">취소되었습니다.</string>
    <string name="detail_msg">을 선택하신 유권자님 정보를 입력해 주세요!!</string>
</resources>