<resources xmlns:tools="http://schemas.android.com/tools">
    <!-- Base application theme. -->
    <style name="Theme.A11_QA" parent="Theme.MaterialComponents.DayNight.DarkActionBar">
        <!-- Primary brand color. -->
        <item name="colorPrimary">@color/purple_500</item>
        <item name="colorPrimaryVariant">@color/purple_700</item>
        <item name="colorOnPrimary">@color/white</item>
        <!-- Secondary brand color. -->
        <item name="colorSecondary">@color/teal_200</item>
        <item name="colorSecondaryVariant">@color/teal_700</item>
        <item name="colorOnSecondary">@color/black</item>
        <!-- Status bar color. -->
        <item name="android:statusBarColor">?attr/colorPrimaryVariant</item>
        <!-- Customize your theme here. -->
    </style>
    <style name="TextStyle">
        <item name="android:textSize">20sp</item>
        <item name="android:textStyle">bold</item>
    </style>
    <style name="TextStyle.Title">
        <item name="android:shadowColor">#858383</item>
        <item name="android:shadowDx">10</item>
        <item name="android:shadowDy">10</item>
        <item name="android:shadowRadius">10</item>
        <item name="android:textSize">35sp</item>
    </style>

</resources>